{"train/batch_loss":1.320298194885254,"_wandb":{"runtime":1095},"_runtime":1095,"_timestamp":1.7741513677469616e+09,"_step":44157}